{"paraphrase": {"rouge1": 0.68, "rouge2": 0.0, "rougeL": 0.68, "rougeLsum": 0.68}, "entailment": {"rouge1": 0.745, "rouge2": 0.11, "rougeL": 0.745, "rougeLsum": 0.745}, "text_formatting": {"rouge1": 0.944196796306938, "rouge2": 0.9048638817466524, "rougeL": 0.9418886850576911, "rougeLsum": 0.941929642295751}, "structure_to_text": {"rouge1": 0.6414282155124091, "rouge2": 0.40453714921816225, "rougeL": 0.5220842186368058, "rougeLsum": 0.5217398334773398}, "linguistic_acceptability": {"rouge1": 0.74, "rouge2": 0.0, "rougeL": 0.74, "rougeLsum": 0.74}, "word_disambiguation": {"rouge1": 0.605, "rouge2": 0.605, "rougeL": 0.605, "rougeLsum": 0.6}, "coreference": {"rouge1": 0.6695000000000002, "rouge2": 0.4, "rougeL": 0.6685833333333334, "rougeLsum": 0.6696666666666666}, "question_classification": {"rouge1": 0.885, "rouge2": 0.0, "rougeL": 0.885, "rougeLsum": 0.885}, "total": {"rouge1": 0.7385180562066401, "rouge2": 0.30312178876762486, "rougeL": 0.7231964151177266, "rougeLsum": 0.7235106168639518}}