{"paraphrase": {"rouge1": 0.032991565277333934, "rouge2": 0.0, "rougeL": 0.03304550472128834, "rougeLsum": 0.032633213911381326}, "entailment": {"rouge1": 0.1287508406866883, "rouge2": 0.03355952486169613, "rougeL": 0.12733996487415794, "rougeLsum": 0.12724258885015682}, "text_formatting": {"rouge1": 0.3655544638454975, "rouge2": 0.3048172414277218, "rougeL": 0.3532444526601407, "rougeLsum": 0.35599502314187575}, "structure_to_text": {"rouge1": 0.27280367087018376, "rouge2": 0.11614736452382614, "rougeL": 0.21146824925769636, "rougeLsum": 0.22295944878036822}, "linguistic_acceptability": {"rouge1": 0.024392488515282473, "rouge2": 0.0, "rougeL": 0.024485469732784877, "rougeLsum": 0.024622464103271225}, "word_disambiguation": {"rouge1": 0.08735004321158164, "rouge2": 0.038401848344546435, "rougeL": 0.08617336221689695, "rougeLsum": 0.08664522408666026}, "coreference": {"rouge1": 0.3925259267182749, "rouge2": 0.1890884286914035, "rougeL": 0.3919888713675562, "rougeLsum": 0.3919669859329943}, "question_classification": {"rouge1": 0.032150793650793645, "rouge2": 0.0, "rougeL": 0.03203174603174602, "rougeLsum": 0.032067460317460314}, "total": {"rouge1": 0.16724729765942414, "rouge2": 0.08538465821663431, "rougeL": 0.15788649785808745, "rougeLsum": 0.15940429731653855}}