{"paraphrase": {"rouge1": 0.615, "rouge2": 0.0, "rougeL": 0.615, "rougeLsum": 0.615}, "entailment": {"rouge1": 0.47, "rouge2": 0.09, "rougeL": 0.47, "rougeLsum": 0.47}, "text_formatting": {"rouge1": 0.9118010109765258, "rouge2": 0.8624804771987631, "rougeL": 0.9077972731022929, "rougeLsum": 0.9064630122342071}, "structure_to_text": {"rouge1": 0.5634133629572806, "rouge2": 0.317365308283571, "rougeL": 0.4450162327948801, "rougeLsum": 0.44382619852202754}, "linguistic_acceptability": {"rouge1": 0.53, "rouge2": 0.0, "rougeL": 0.53, "rougeLsum": 0.53}, "word_disambiguation": {"rouge1": 0.575, "rouge2": 0.575, "rougeL": 0.575, "rougeLsum": 0.57}, "coreference": {"rouge1": 0.6175952380952381, "rouge2": 0.325, "rougeL": 0.6178928571428572, "rougeLsum": 0.6186309523809524}, "question_classification": {"rouge1": 0.685, "rouge2": 0.0, "rougeL": 0.685, "rougeLsum": 0.685}, "total": {"rouge1": 0.6203474635581856, "rouge2": 0.27169387707717196, "rougeL": 0.6049342171463474, "rougeLsum": 0.6056146976556671}}